Channel Name,Channel Link
spksunny,https://youtube.com/spksunny
OpeninApp,https://youtube.com/openinapp
OpeninApp,https://youtube.com/openinapp
Deepanshu Bhaskar,https://youtube.com/deepanshubhaskar
OpeninApp,https://youtube.com/openinapp
OpeninApp,https://youtube.com/openinapp
OpeninApp,https://youtube.com/openinapp
Inspiring Prashant,https://youtube.com/inspiringprashant
OpeninApp,https://youtube.com/openinapp
Prasadtechintelugu,https://youtube.com/prasadtechintelugu
Urjita Wani,https://youtube.com/urjitawani
Money Purse { మనీ పర్స్ },https://youtube.com/moneypurse
Urjita Wani,https://youtube.com/urjitawani
Prasadtechintelugu,https://youtube.com/prasadtechintelugu
Urjita Wani,https://youtube.com/urjitawani
Manoj Dey Vlogs,https://youtube.com/manojdeyvlogs
Urjita Wani,https://youtube.com/urjitawani
Timo Pubg,https://youtube.com/timopubg
Prasadtechintelugu,https://youtube.com/prasadtechintelugu
Money Purse { మనీ పర్స్ },https://youtube.com/moneypurse
Trakin Tech,https://youtube.com/trakintech
OpeninApp,https://youtube.com/openinapp
Money Purse { మనీ పర్స్ },https://youtube.com/moneypurse
Prasadtechintelugu,https://youtube.com/prasadtechintelugu
Prasadtechintelugu,https://youtube.com/prasadtechintelugu
Prasadtechintelugu,https://youtube.com/prasadtechintelugu
Urjita Wani,https://youtube.com/urjitawani
Prasadtechintelugu,https://youtube.com/prasadtechintelugu
OpeninApp,https://youtube.com/openinapp
Ansh Nakwal,https://youtube.com/anshnakwal
Sriram Selvan,https://youtube.com/sriramselvan
Money Purse { మనీ పర్స్ },https://youtube.com/moneypurse
Money Purse { మనీ పర్స్ },https://youtube.com/moneypurse
OpeninApp,https://youtube.com/openinapp
VaasuTechVlogs,https://youtube.com/vaasutechvlogs
OEDRO,https://youtube.com/oedro
Prasadtechintelugu,https://youtube.com/prasadtechintelugu
Money Purse { మనీ పర్స్ },https://youtube.com/moneypurse
Money Purse { మనీ పర్స్ },https://youtube.com/moneypurse
Manoj Dey Vlogs,https://youtube.com/manojdeyvlogs
Prasadtechintelugu,https://youtube.com/prasadtechintelugu
Money Purse { మనీ పర్స్ },https://youtube.com/moneypurse
Prasadtechintelugu,https://youtube.com/prasadtechintelugu
OpeninApp,https://youtube.com/openinapp
Trakin Tech,https://youtube.com/trakintech
Manoj Dey Vlogs,https://youtube.com/manojdeyvlogs
Independent scientist,https://youtube.com/independentscientist
Asma Khanam,https://youtube.com/asmakhanam
YouTube channe short video,https://youtube.com/youtubechanneshortvideo
Amal Kakkat,https://youtube.com/amalkakkat
OBS_Bryce_on_16s,https://youtube.com/obsbryceon16s
OBS_Bryce_on_16s,https://youtube.com/obsbryceon16s
Manoj Dey Vlogs,https://youtube.com/manojdeyvlogs
Manoj Dey Vlogs,https://youtube.com/manojdeyvlogs
Manoj Dey Vlogs,https://youtube.com/manojdeyvlogs
SHOT YT OFFICIAL,https://youtube.com/shotytofficial
Money Purse { మనీ పర్స్ },https://youtube.com/moneypurse
Naman Paliwal,https://youtube.com/namanpaliwal
Dev Dutt,https://youtube.com/devdutt
Asma Khanam,https://youtube.com/asmakhanam
DAY TRADER తెలుగు,https://youtube.com/daytrader
Manoj Dey Vlogs,https://youtube.com/manojdeyvlogs
YITAMotor,https://youtube.com/yitamotor
Alex Upadhyay,https://youtube.com/alexupadhyay
OpeninApp,https://youtube.com/openinapp
Geek Abhishek,https://youtube.com/geekabhishek
मेहुल सिसोदिया गुजराती,https://youtube.com/
Prasadtechintelugu,https://youtube.com/prasadtechintelugu
YITAMotor,https://youtube.com/yitamotor
Prasadtechintelugu,https://youtube.com/prasadtechintelugu
YITAMotor,https://youtube.com/yitamotor
Prasadtechintelugu,https://youtube.com/prasadtechintelugu
rdxeditar10,https://youtube.com/rdxeditar10
Varsha Singh Dhanoa,https://youtube.com/varshasinghdhanoa
SimpleGhar,https://youtube.com/simpleghar
DAY TRADER తెలుగు,https://youtube.com/daytrader
DAY TRADER తెలుగు,https://youtube.com/daytrader
Prasadtechintelugu,https://youtube.com/prasadtechintelugu
OpeninApp,https://youtube.com/openinapp
spksunny,https://youtube.com/spksunny
OpeninApp,https://youtube.com/openinapp
OpeninApp,https://youtube.com/openinapp
Deepanshu Bhaskar,https://youtube.com/deepanshubhaskar
OpeninApp,https://youtube.com/openinapp
OpeninApp,https://youtube.com/openinapp
OpeninApp,https://youtube.com/openinapp
Inspiring Prashant,https://youtube.com/inspiringprashant
OpeninApp,https://youtube.com/openinapp
Prasadtechintelugu,https://youtube.com/prasadtechintelugu
Urjita Wani,https://youtube.com/urjitawani
Money Purse { మనీ పర్స్ },https://youtube.com/moneypurse
Urjita Wani,https://youtube.com/urjitawani
Prasadtechintelugu,https://youtube.com/prasadtechintelugu
Urjita Wani,https://youtube.com/urjitawani
Manoj Dey Vlogs,https://youtube.com/manojdeyvlogs
Urjita Wani,https://youtube.com/urjitawani
Timo Pubg,https://youtube.com/timopubg
Prasadtechintelugu,https://youtube.com/prasadtechintelugu
Money Purse { మనీ పర్స్ },https://youtube.com/moneypurse
Trakin Tech,https://youtube.com/trakintech
OpeninApp,https://youtube.com/openinapp
Money Purse { మనీ పర్స్ },https://youtube.com/moneypurse
Prasadtechintelugu,https://youtube.com/prasadtechintelugu
Prasadtechintelugu,https://youtube.com/prasadtechintelugu
Prasadtechintelugu,https://youtube.com/prasadtechintelugu
Urjita Wani,https://youtube.com/urjitawani
Prasadtechintelugu,https://youtube.com/prasadtechintelugu
OpeninApp,https://youtube.com/openinapp
Ansh Nakwal,https://youtube.com/anshnakwal
Sriram Selvan,https://youtube.com/sriramselvan
Money Purse { మనీ పర్స్ },https://youtube.com/moneypurse
Money Purse { మనీ పర్స్ },https://youtube.com/moneypurse
OpeninApp,https://youtube.com/openinapp
VaasuTechVlogs,https://youtube.com/vaasutechvlogs
OEDRO,https://youtube.com/oedro
Prasadtechintelugu,https://youtube.com/prasadtechintelugu
Money Purse { మనీ పర్స్ },https://youtube.com/moneypurse
Money Purse { మనీ పర్స్ },https://youtube.com/moneypurse
Manoj Dey Vlogs,https://youtube.com/manojdeyvlogs
Prasadtechintelugu,https://youtube.com/prasadtechintelugu
Money Purse { మనీ పర్స్ },https://youtube.com/moneypurse
Prasadtechintelugu,https://youtube.com/prasadtechintelugu
OpeninApp,https://youtube.com/openinapp
Trakin Tech,https://youtube.com/trakintech
Manoj Dey Vlogs,https://youtube.com/manojdeyvlogs
Independent scientist,https://youtube.com/independentscientist
Asma Khanam,https://youtube.com/asmakhanam
YouTube channe short video,https://youtube.com/youtubechanneshortvideo
Amal Kakkat,https://youtube.com/amalkakkat
OBS_Bryce_on_16s,https://youtube.com/obsbryceon16s
OBS_Bryce_on_16s,https://youtube.com/obsbryceon16s
Manoj Dey Vlogs,https://youtube.com/manojdeyvlogs
Manoj Dey Vlogs,https://youtube.com/manojdeyvlogs
Manoj Dey Vlogs,https://youtube.com/manojdeyvlogs
SHOT YT OFFICIAL,https://youtube.com/shotytofficial
Money Purse { మనీ పర్స్ },https://youtube.com/moneypurse
Naman Paliwal,https://youtube.com/namanpaliwal
Dev Dutt,https://youtube.com/devdutt
Asma Khanam,https://youtube.com/asmakhanam
DAY TRADER తెలుగు,https://youtube.com/daytrader
Manoj Dey Vlogs,https://youtube.com/manojdeyvlogs
YITAMotor,https://youtube.com/yitamotor
Alex Upadhyay,https://youtube.com/alexupadhyay
OpeninApp,https://youtube.com/openinapp
Geek Abhishek,https://youtube.com/geekabhishek
मेहुल सिसोदिया गुजराती,https://youtube.com/
Prasadtechintelugu,https://youtube.com/prasadtechintelugu
YITAMotor,https://youtube.com/yitamotor
Prasadtechintelugu,https://youtube.com/prasadtechintelugu
YITAMotor,https://youtube.com/yitamotor
Prasadtechintelugu,https://youtube.com/prasadtechintelugu
rdxeditar10,https://youtube.com/rdxeditar10
Varsha Singh Dhanoa,https://youtube.com/varshasinghdhanoa
SimpleGhar,https://youtube.com/simpleghar
DAY TRADER తెలుగు,https://youtube.com/daytrader
DAY TRADER తెలుగు,https://youtube.com/daytrader
Prasadtechintelugu,https://youtube.com/prasadtechintelugu
OpeninApp,https://youtube.com/openinapp
spksunny,https://youtube.com/spksunny
OpeninApp,https://youtube.com/openinapp
OpeninApp,https://youtube.com/openinapp
Deepanshu Bhaskar,https://youtube.com/deepanshubhaskar
OpeninApp,https://youtube.com/openinapp
OpeninApp,https://youtube.com/openinapp
OpeninApp,https://youtube.com/openinapp
Inspiring Prashant,https://youtube.com/inspiringprashant
OpeninApp,https://youtube.com/openinapp
Prasadtechintelugu,https://youtube.com/prasadtechintelugu
Urjita Wani,https://youtube.com/urjitawani
Money Purse { మనీ పర్స్ },https://youtube.com/moneypurse
Urjita Wani,https://youtube.com/urjitawani
Prasadtechintelugu,https://youtube.com/prasadtechintelugu
Urjita Wani,https://youtube.com/urjitawani
Manoj Dey Vlogs,https://youtube.com/manojdeyvlogs
Urjita Wani,https://youtube.com/urjitawani
Timo Pubg,https://youtube.com/timopubg
Prasadtechintelugu,https://youtube.com/prasadtechintelugu
Money Purse { మనీ పర్స్ },https://youtube.com/moneypurse
Trakin Tech,https://youtube.com/trakintech
OpeninApp,https://youtube.com/openinapp
Money Purse { మనీ పర్స్ },https://youtube.com/moneypurse
Prasadtechintelugu,https://youtube.com/prasadtechintelugu
Prasadtechintelugu,https://youtube.com/prasadtechintelugu
Prasadtechintelugu,https://youtube.com/prasadtechintelugu
Urjita Wani,https://youtube.com/urjitawani
Prasadtechintelugu,https://youtube.com/prasadtechintelugu
OpeninApp,https://youtube.com/openinapp
Ansh Nakwal,https://youtube.com/anshnakwal
Sriram Selvan,https://youtube.com/sriramselvan
Money Purse { మనీ పర్స్ },https://youtube.com/moneypurse
Money Purse { మనీ పర్స్ },https://youtube.com/moneypurse
OpeninApp,https://youtube.com/openinapp
VaasuTechVlogs,https://youtube.com/vaasutechvlogs
OEDRO,https://youtube.com/oedro
Prasadtechintelugu,https://youtube.com/prasadtechintelugu
Money Purse { మనీ పర్స్ },https://youtube.com/moneypurse
Money Purse { మనీ పర్స్ },https://youtube.com/moneypurse
Manoj Dey Vlogs,https://youtube.com/manojdeyvlogs
Prasadtechintelugu,https://youtube.com/prasadtechintelugu
Money Purse { మనీ పర్స్ },https://youtube.com/moneypurse
